time_s,omega_deg_per_s
0.0333,0.558573
0.0667,0.240969
0.1000,0.141453
0.1333,0.029609
0.1667,-0.004754
0.2000,-0.025921
0.2333,-0.056613
0.2667,-0.065749
0.3000,-0.078684
0.3333,-0.083868
0.3667,-0.079522
0.4000,-0.086077
0.4333,-0.080370
0.4667,-0.080630
0.5000,-0.083834
0.5333,-0.083666
0.5667,-0.080986
0.6000,-0.078832
0.6333,-0.079061
0.6667,-0.080046
0.7000,-0.080235
0.7333,-0.077240
0.7667,-0.078711
0.8000,-0.084925
0.8333,-0.087790
0.8667,-0.086651
0.9000,-0.081681
0.9333,-0.083945
0.9667,-0.079779
1.0000,-0.078513
1.0333,-0.079536
1.0667,-0.082526
1.1000,-0.082602
1.1333,-0.079256
1.1667,-0.075704
1.2000,-0.078615
1.2333,-0.078324
1.2667,-0.076699
1.3000,-0.079052
1.3333,-0.080543
1.3667,-0.090558
1.4000,-0.092022
1.4333,-0.092484
1.4667,-0.092538
1.5000,-0.094598
1.5333,-0.107671
1.5667,-0.110244
1.6000,-0.112789
1.6333,-0.110499
1.6667,-0.110180
1.7000,-0.111378
1.7333,-0.105772
1.7667,-0.108718
1.8000,-0.104880
1.8333,-0.108554
1.8667,-0.113135
1.9000,-0.111523
1.9333,-0.117279
1.9667,-0.119528
2.0000,-0.121514
2.0333,-0.126459
2.0667,-0.130238
2.1000,-0.134573
2.1333,-0.134309
2.1667,-0.135839
2.2000,-0.139227
2.2333,-0.144163
2.2667,-0.143425
2.3000,-0.142450
2.3333,-0.144718
2.3667,-0.145838
2.4000,-0.158005
2.4333,-0.161156
2.4667,-0.164448
2.5000,-0.167549
2.5333,-0.169156
2.5667,-0.169307
2.6000,-0.169503
2.6333,-0.174575
2.6667,-0.183227
2.7000,-0.185080
2.7333,-0.190212
2.7667,-0.193996
2.8000,-0.199952
2.8333,-0.204018
2.8667,-0.196127
2.9000,-0.194342
2.9333,-0.195161
2.9667,-0.196887
3.0000,-0.194920
3.0333,-0.195926
3.0667,-0.196532
3.1000,-0.200393
3.1333,-0.202579
3.1667,-0.205502
3.2000,-0.207333
3.2333,-0.209700
3.2667,-0.210884
3.3000,-0.214054
3.3333,-0.212241
3.3667,-0.209090
3.4000,-0.213471
3.4333,-0.211936
3.4667,-0.221567
3.5000,-0.220975
3.5333,-0.219131
3.5667,-0.220788
3.6000,-0.224649
3.6333,-0.228493
3.6667,-0.230291
3.7000,-0.231070
3.7333,-0.233378
3.7667,-0.235960
3.8000,-0.238433
3.8333,-0.237845
3.8667,-0.242408
3.9000,-0.236953
3.9333,-0.235974
3.9667,-0.241028
4.0000,-0.248072
4.0333,-0.248633
4.0667,-0.251046
4.1000,-0.252776
4.1333,-0.255727
4.1667,-0.252776
4.2000,-0.252649
4.2333,-0.253268
4.2667,-0.254907
4.3000,-0.248924
4.3333,-0.247540
4.3667,-0.249830
4.4000,-0.267766
4.4333,-0.266983
4.4667,-0.269187
4.5000,-0.272666
4.5333,-0.280994
4.5667,-0.283125
4.6000,-0.281950
4.6333,-0.279273
4.6667,-0.279291
4.7000,-0.280115
4.7333,-0.284723
4.7667,-0.275543
4.8000,-0.282569
4.8333,-0.281704
4.8667,-0.290433
4.9000,-0.291371
4.9333,-0.292651
4.9667,-0.285197
5.0000,-0.286608
5.0333,-0.289673
5.0667,-0.290707
5.1000,-0.286627
5.1333,-0.286545
5.1667,-0.285693
5.2000,-0.284359
5.2333,-0.282861
5.2667,-0.287173
5.3000,-0.288084
5.3333,-0.288685
5.3667,-0.290023
5.4000,-0.289773
5.4333,-0.292382
5.4667,-0.291868
5.5000,-0.287751
5.5333,-0.290115
5.5667,-0.286854
5.6000,-0.296271
5.6333,-0.295196
5.6667,-0.295779
5.7000,-0.299581
5.7333,-0.299354
5.7667,-0.298734
5.8000,-0.299522
5.8333,-0.302008
5.8667,-0.303361
5.9000,-0.295706
5.9333,-0.295756
5.9667,-0.296357
6.0000,-0.299636
6.0333,-0.296116
6.0667,-0.294404
6.1000,-0.294276
6.1333,-0.295415
6.1667,-0.298375
6.2000,-0.299108
6.2333,-0.299108
6.2667,-0.306247
6.3000,-0.301644
6.3333,-0.304922
6.3667,-0.300455
6.4000,-0.305756
6.4333,-0.307896
6.4667,-0.308470
6.5000,-0.307823
6.5333,-0.306448
6.5667,-0.304176
6.6000,-0.308246
6.6333,-0.307609
6.6667,-0.306243
6.7000,-0.308547
6.7333,-0.310259
6.7667,-0.307063
6.8000,-0.307859
6.8333,-0.308784
6.8667,-0.305250
6.9000,-0.306603
6.9333,-0.303670
6.9667,-0.303934
7.0000,-0.313952
7.0333,-0.311680
7.0667,-0.314576
7.1000,-0.311716
7.1333,-0.312153
7.1667,-0.314466
7.2000,-0.308697
7.2333,-0.309644
7.2667,-0.310346
7.3000,-0.312827
7.3333,-0.314430
7.3667,-0.318674
7.4000,-0.315332
7.4333,-0.321492
7.4667,-0.319548
7.5000,-0.317677
7.5333,-0.318296
7.5667,-0.317904
7.6000,-0.331337
7.6333,-0.334370
7.6667,-0.331073
7.7000,-0.329534
7.7333,-0.330417
7.7667,-0.331232
7.8000,-0.331118
7.8333,-0.332243
7.8667,-0.332166
7.9000,-0.325978
7.9333,-0.323646
7.9667,-0.325208
8.0000,-0.345530
8.0333,-0.346450
8.0667,-0.348909
8.1000,-0.346550
8.1333,-0.348408
8.1667,-0.349742
8.2000,-0.351126
8.2333,-0.350507
8.2667,-0.352256
8.3000,-0.349059
8.3333,-0.347752
8.3667,-0.350425
8.4000,-0.359213
8.4333,-0.363612
8.4667,-0.363648
8.5000,-0.350161
8.5333,-0.351846
8.5667,-0.352128
8.6000,-0.348731
8.6333,-0.351108
8.6667,-0.350279
8.7000,-0.354255
8.7333,-0.351878
8.7667,-0.354045
8.8000,-0.354755
8.8333,-0.353462
8.8667,-0.350257
8.9000,-0.344656
8.9333,-0.342224
8.9667,-0.345553
9.0000,-0.344610
9.0333,-0.343672
9.0667,-0.347807
9.1000,-0.345321
9.1333,-0.341227
9.1667,-0.343905
9.2000,-0.342693
9.2333,-0.341655
9.2667,-0.344201
9.3000,-0.345571
9.3333,-0.342124
9.3667,-0.340089
9.4000,-0.340731
9.4333,-0.339875
9.4667,-0.337093
9.5000,-0.316333
9.5333,-0.316698
9.5667,-0.316024
9.6000,-0.320832
9.6333,-0.318255
9.6667,-0.318888
9.7000,-0.317003
9.7333,-0.318851
9.7667,-0.319307
9.8000,-0.321292
9.8333,-0.320623
9.8667,-0.319134
9.9000,-0.310000
9.9333,-0.307122
9.9667,-0.305528
10.0000,-0.312103
10.0333,-0.313114
10.0667,-0.313278
10.1000,-0.313210
10.1333,-0.308661
10.1667,-0.305965
10.2000,-0.305373
10.2333,-0.306088
10.2667,-0.304126
10.3000,-0.301894
10.3333,-0.297751
10.3667,-0.292150
10.4000,-0.294764
10.4333,-0.292642
10.4667,-0.291722
10.5000,-0.299522
10.5333,-0.299422
10.5667,-0.296781
10.6000,-0.284837
10.6333,-0.284887
10.6667,-0.280866
10.7000,-0.281659
10.7333,-0.278144
10.7667,-0.277497
10.8000,-0.278389
10.8333,-0.280411
10.8667,-0.282287
10.9000,-0.279928
10.9333,-0.282114
10.9667,-0.281213
11.0000,-0.282870
11.0333,-0.279500
11.0667,-0.277670
11.1000,-0.274665
11.1333,-0.276477
11.1667,-0.276113
11.2000,-0.285529
11.2333,-0.281905
11.2667,-0.280621
11.3000,-0.279974
11.3333,-0.282542
11.3667,-0.280265
11.4000,-0.281194
11.4333,-0.280448
11.4667,-0.278162
11.5000,-0.272388
11.5333,-0.269920
11.5667,-0.268458
11.6000,-0.272916
11.6333,-0.279906
11.6667,-0.286645
11.7000,-0.287943
11.7333,-0.287401
11.7667,-0.289809
11.8000,-0.293835
11.8333,-0.299918
11.8667,-0.307859
11.9000,-0.313729
11.9333,-0.318628
11.9667,-0.321720
12.0000,-0.325349
12.0333,-0.327325
12.0667,-0.330067
12.1000,-0.331451
12.1333,-0.337193
12.1667,-0.340649
12.2000,-0.343845
12.2333,-0.350776
12.2667,-0.352961
12.3000,-0.353458
12.3333,-0.355999
12.3667,-0.358489
12.4000,-0.361349
12.4333,-0.363311
12.4667,-0.366121
12.5000,-0.368297
12.5333,-0.370829
12.5667,-0.374130
12.6000,-0.381871
12.6333,-0.382286
12.6667,-0.387900
12.7000,-0.381443
12.7333,-0.382991
12.7667,-0.381093
12.8000,-0.384394
12.8333,-0.380797
12.8667,-0.385059
12.9000,-0.383570
12.9333,-0.382313
12.9667,-0.386598
13.0000,-0.386748
13.0333,-0.389676
13.0667,-0.393460
13.1000,-0.388456
13.1333,-0.386707
13.1667,-0.383656
13.2000,-0.388305
13.2333,-0.386657
13.2667,-0.386079
13.3000,-0.385833
13.3333,-0.379799
13.3667,-0.374882
13.4000,-0.372095
13.4333,-0.373812
13.4667,-0.369272
13.5000,-0.357743
13.5333,-0.355065
13.5667,-0.353389
13.6000,-0.361176
13.6333,-0.353990
13.6667,-0.352333
13.7000,-0.351655
13.7333,-0.347538
13.7667,-0.343021
13.8000,-0.341009
13.8333,-0.337712
13.8667,-0.336378
13.9000,-0.335394
13.9333,-0.332330
13.9667,-0.329006
14.0000,-0.339292
14.0333,-0.336715
14.0667,-0.332343
14.1000,-0.324821
14.1333,-0.324826
14.1667,-0.319243
14.2000,-0.317636
14.2333,-0.312454
14.2667,-0.313360
14.3000,-0.309653
14.3333,-0.311215
14.3667,-0.309949
14.4000,-0.312140
14.4333,-0.313943
14.4667,-0.309995
14.5000,-0.310391
14.5333,-0.310323
14.5667,-0.307299
14.6000,-0.303943
14.6333,-0.299982
14.6667,-0.297031
14.7000,-0.294085
14.7333,-0.296116
14.7667,-0.292487
14.8000,-0.292705
14.8333,-0.287046
14.8667,-0.288594
14.9000,-0.284582
14.9333,-0.279123
14.9667,-0.277948
15.0000,-0.276736
15.0333,-0.274888
15.0667,-0.273030
15.1000,-0.262480
15.1333,-0.268722
15.1667,-0.268185
15.2000,-0.273262
15.2333,-0.272333
15.2667,-0.270084
15.3000,-0.270343
15.3333,-0.265316
15.3667,-0.265845
15.4000,-0.261209
15.4333,-0.261145
15.4667,-0.257744
15.5000,-0.241784
15.5333,-0.241652
15.5667,-0.244243
15.6000,-0.241953
15.6333,-0.239972
15.6667,-0.238082
15.7000,-0.235031
15.7333,-0.238146
15.7667,-0.237258
15.8000,-0.235824
15.8333,-0.237581
15.8667,-0.232746
15.9000,-0.229599
15.9333,-0.226849
15.9667,-0.228511
16.0000,-0.230674
16.0333,-0.226480
16.0667,-0.222937
16.1000,-0.228424
16.1333,-0.227495
16.1667,-0.227514
16.2000,-0.223051
16.2333,-0.222969
16.2667,-0.220082
16.3000,-0.215693
16.3333,-0.220183
16.3667,-0.216959
16.4000,-0.217432
16.4333,-0.214345
16.4667,-0.214618
16.5000,-0.214609
16.5333,-0.211786
16.5667,-0.209436
16.6000,-0.209500
16.6333,-0.206258
16.6667,-0.207151
16.7000,-0.197051
16.7333,-0.199073
16.7667,-0.198139
16.8000,-0.204815
16.8333,-0.208448
16.8667,-0.204632
16.9000,-0.207865
16.9333,-0.204505
16.9667,-0.210971
17.0000,-0.213612
17.0333,-0.214072
17.0667,-0.211704
17.1000,-0.209077
17.1333,-0.207014
17.1667,-0.209327
17.2000,-0.212337
17.2333,-0.211281
17.2667,-0.211868
17.3000,-0.211485
17.3333,-0.207701
17.3667,-0.210088
17.4000,-0.210420
17.4333,-0.211485
17.4667,-0.210379
17.5000,-0.210119
17.5333,-0.210242
17.5667,-0.211317
17.6000,-0.212487
17.6333,-0.213744
17.6667,-0.216312
17.7000,-0.211995
17.7333,-0.209928
17.7667,-0.213389
17.8000,-0.212669
17.8333,-0.210989
17.8667,-0.215078
17.9000,-0.213808
17.9333,-0.217510
17.9667,-0.217305
18.0000,-0.213175
18.0333,-0.216198
18.0667,-0.216221
18.1000,-0.218402
18.1333,-0.215520
18.1667,-0.213548
18.2000,-0.213940
18.2333,-0.220192
18.2667,-0.220556
18.3000,-0.206795
18.3333,-0.206937
18.3667,-0.205844
18.4000,-0.205370
18.4333,-0.206572
18.4667,-0.202574
18.5000,-0.200175
18.5333,-0.198262
18.5667,-0.199300
18.6000,-0.198954
18.6333,-0.202670
18.6667,-0.199769
18.7000,-0.194792
18.7333,-0.200685
18.7667,-0.200735
18.8000,-0.208193
18.8333,-0.209486
18.8667,-0.210037
18.9000,-0.209946
18.9333,-0.208512
18.9667,-0.208339
19.0000,-0.207538
19.0333,-0.209496
19.0667,-0.208876
19.1000,-0.204323
19.1333,-0.206253
19.1667,-0.207264
19.2000,-0.221562
19.2333,-0.221007
19.2667,-0.219932
19.3000,-0.218020
19.3333,-0.221840
19.3667,-0.219390
19.4000,-0.221571
19.4333,-0.221239
19.4667,-0.225078
19.5000,-0.231129
19.5333,-0.232349
19.5667,-0.235473
19.6000,-0.238629
19.6333,-0.236042
19.6667,-0.237021
19.7000,-0.240236
19.7333,-0.230382
19.7667,-0.231238
19.8000,-0.241875
19.8333,-0.242144
19.8667,-0.245400
19.9000,-0.245750
19.9333,-0.248450
19.9667,-0.250203
20.0000,-0.253400
20.0333,-0.256706
20.0667,-0.257894
20.1000,-0.259215
20.1333,-0.264133
20.1667,-0.266427
20.2000,-0.269560
20.2333,-0.268946
20.2667,-0.270248
20.3000,-0.262179
20.3333,-0.267142
20.3667,-0.266578
20.4000,-0.269000
20.4333,-0.272948
20.4667,-0.276736
20.5000,-0.276117
20.5333,-0.275343
20.5667,-0.280898
20.6000,-0.280197
20.6333,-0.281199
20.6667,-0.277383
20.7000,-0.267985
20.7333,-0.269351
20.7667,-0.273007
20.8000,-0.289850
20.8333,-0.290064
20.8667,-0.290684
20.9000,-0.290816
20.9333,-0.290033
20.9667,-0.288402
21.0000,-0.287524
21.0333,-0.290115
21.0667,-0.290228
21.1000,-0.286322
21.1333,-0.295756
21.1667,-0.300628
21.2000,-0.312190
21.2333,-0.314257
21.2667,-0.319498
21.3000,-0.311917
21.3333,-0.313970
21.3667,-0.313246
21.4000,-0.315477
21.4333,-0.314339
21.4667,-0.316871
21.5000,-0.314148
21.5333,-0.315937
21.5667,-0.319858
21.6000,-0.324311
21.6333,-0.319534
21.6667,-0.321775
21.7000,-0.324124
21.7333,-0.332730
21.7667,-0.331601
21.8000,-0.335736
21.8333,-0.334005
21.8667,-0.337735
21.9000,-0.337074
21.9333,-0.337862
21.9667,-0.339037
22.0000,-0.345507
22.0333,-0.348645
22.0667,-0.345995
22.1000,-0.349405
22.1333,-0.347461
22.1667,-0.350826
22.2000,-0.352324
22.2333,-0.356499
22.2667,-0.355334
22.3000,-0.343777
22.3333,-0.345139
22.3667,-0.348413
22.4000,-0.361567
22.4333,-0.367196
22.4667,-0.368225
22.5000,-0.370897
22.5333,-0.372177
22.5667,-0.377295
22.6000,-0.379891
22.6333,-0.380214
22.6667,-0.379649
22.7000,-0.369855
22.7333,-0.372591
22.7667,-0.376662
22.8000,-0.390049
22.8333,-0.391402
22.8667,-0.391242
22.9000,-0.394029
22.9333,-0.398073
22.9667,-0.400627
23.0000,-0.405249
23.0333,-0.407571
23.0667,-0.406314
23.1000,-0.407935
23.1333,-0.412685
23.1667,-0.414920
23.2000,-0.430470
23.2333,-0.421814
23.2667,-0.426472
23.3000,-0.426491
23.3333,-0.428348
23.3667,-0.432346
23.4000,-0.435921
23.4333,-0.436936
23.4667,-0.433394
23.5000,-0.432041
23.5333,-0.433931
23.5667,-0.437947
23.6000,-0.440857
23.6333,-0.444978
23.6667,-0.447541
23.7000,-0.451353
23.7333,-0.453702
23.7667,-0.456785
23.8000,-0.459057
23.8333,-0.475732
23.8667,-0.473865
23.9000,-0.466069
23.9333,-0.468669
23.9667,-0.471347
24.0000,-0.478004
24.0333,-0.480117
24.0667,-0.484106
24.1000,-0.491491
24.1333,-0.495362
24.1667,-0.498244
24.2000,-0.499296
24.2333,-0.504095
24.2667,-0.505184
24.3000,-0.505261
24.3333,-0.509541
24.3667,-0.517806
24.4000,-0.531972
24.4333,-0.533825
24.4667,-0.540136
24.5000,-0.543032
24.5333,-0.551224
24.5667,-0.556542
24.6000,-0.560513
24.6333,-0.560167
24.6667,-0.563081
24.7000,-0.556424
24.7333,-0.561933
24.7667,-0.563891
24.8000,-0.588498
24.8333,-0.590529
24.8667,-0.596531
24.9000,-0.599390
24.9333,-0.601976
24.9667,-0.612586
25.0000,-0.618524
25.0333,-0.622421
25.0667,-0.628687
25.1000,-0.633086
25.1333,-0.635617
25.1667,-0.638067
25.2000,-0.646018
25.2333,-0.660602
25.2667,-0.660611
25.3000,-0.664791
25.3333,-0.656759
25.3667,-0.665078
25.4000,-0.670032
25.4333,-0.673024
25.4667,-0.676034
25.5000,-0.674896
25.5333,-0.682741
25.5667,-0.684317
25.6000,-0.683834
25.6333,-0.685018
25.6667,-0.687049
25.7000,-0.691561
25.7333,-0.694740
25.7667,-0.691944
25.8000,-0.689749
25.8333,-0.694512
25.8667,-0.695996
25.9000,-0.690150
25.9333,-0.721641
25.9667,-0.716541
26.0000,-0.728103
26.0333,-0.722520
26.0667,-0.722438
26.1000,-0.722010
26.1333,-0.725125
26.1667,-0.729004
26.2000,-0.729282
26.2333,-0.731541
26.2667,-0.734751
26.3000,-0.716123
26.3333,-0.718964
26.3667,-0.719415
26.4000,-0.744140
26.4333,-0.751371
26.4667,-0.749067
26.5000,-0.749331
26.5333,-0.749581
26.5667,-0.749827
26.6000,-0.750929
26.6333,-0.755000
26.6667,-0.757832
26.7000,-0.750592
26.7333,-0.745174
26.7667,-0.751430
26.8000,-0.783523
26.8333,-0.783254
26.8667,-0.785358
26.9000,-0.782116
26.9333,-0.784147
26.9667,-0.787534
27.0000,-0.788705
27.0333,-0.787662
27.0667,-0.785995
27.1000,-0.786879
27.1333,-0.787188
27.1667,-0.789834
27.2000,-0.799096
27.2333,-0.796837
27.2667,-0.798818
27.3000,-0.802388
27.3333,-0.823479
27.3667,-0.821093
27.4000,-0.819463
27.4333,-0.795157
27.4667,-0.801377
27.5000,-0.795936
27.5333,-0.799701
27.5667,-0.806044
27.6000,-0.808162
27.6333,-0.810916
27.6667,-0.812956
27.7000,-0.812943
27.7333,-0.813375
27.7667,-0.815720
27.8000,-0.822446
27.8333,-0.822988
27.8667,-0.822214
27.9000,-0.802219
27.9333,-0.801737
27.9667,-0.812073
28.0000,-0.840213
28.0333,-0.843751
28.0667,-0.842832
28.1000,-0.844817
28.1333,-0.850645
28.1667,-0.857166
28.2000,-0.865808
28.2333,-0.860044
28.2667,-0.859078
28.3000,-0.830947
28.3333,-0.831270
28.3667,-0.832564
28.4000,-0.864757
28.4333,-0.862612
28.4667,-0.862330
28.5000,-0.866669
28.5333,-0.865613
28.5667,-0.869829
28.6000,-0.877137
28.6333,-0.879942
28.6667,-0.884705
28.7000,-0.880716
28.7333,-0.887629
28.7667,-0.892328
28.8000,-0.914476
28.8333,-0.892155
28.8667,-0.897774
28.9000,-0.903019
28.9333,-0.900397
28.9667,-0.900041
29.0000,-0.902145
29.0333,-0.900601
29.0667,-0.899158
29.1000,-0.902323
29.1333,-0.899531
29.1667,-0.900797
29.2000,-0.904372
29.2333,-0.908889
29.2667,-0.910788
29.3000,-0.908379
29.3333,-0.910155
29.3667,-0.907618
29.4000,-0.907309
29.4333,-0.908297
29.4667,-0.921966
29.5000,-0.896471
29.5333,-0.898147
29.5667,-0.902418
29.6000,-0.906116
29.6333,-0.899140
29.6667,-0.895151
29.7000,-0.890725
29.7333,-0.893020
29.7667,-0.896981
29.8000,-0.897478
29.8333,-0.899846
29.8667,-0.899436
29.9000,-0.873208
29.9333,-0.876746
29.9667,-0.880398
30.0000,-0.908502
30.0333,-0.908447
30.0667,-0.902559
30.1000,-0.898457
30.1333,-0.898689
30.1667,-0.897036
30.2000,-0.894773
30.2333,-0.886809
30.2667,-0.887182
30.3000,-0.865216
30.3333,-0.862985
30.3667,-0.860007
30.4000,-0.876892
30.4333,-0.875097
30.4667,-0.871218
30.5000,-0.868586
30.5333,-0.868213
30.5667,-0.862994
30.6000,-0.858295
30.6333,-0.858068
30.6667,-0.857890
30.7000,-0.851073
30.7333,-0.844867
30.7667,-0.844157
30.8000,-0.843592
30.8333,-0.861542
30.8667,-0.855376
30.9000,-0.852408
30.9333,-0.847408
30.9667,-0.821016
31.0000,-0.815270
31.0333,-0.811563
31.0667,-0.807123
31.1000,-0.798877
31.1333,-0.797047
31.1667,-0.796796
31.2000,-0.798458
31.2333,-0.795521
31.2667,-0.788085
31.3000,-0.786050
31.3333,-0.783236
31.3667,-0.779821
31.4000,-0.774102
31.4333,-0.769275
31.4667,-0.761789
31.5000,-0.727857
31.5333,-0.726523
31.5667,-0.746781
31.6000,-0.742255
31.6333,-0.738671
31.6667,-0.730981
31.7000,-0.728554
31.7333,-0.730015
31.7667,-0.725762
31.8000,-0.721901
31.8333,-0.726131
31.8667,-0.726131
31.9000,-0.706938
31.9333,-0.705522
31.9667,-0.706214
32.0000,-0.722648
32.0333,-0.721874
32.0667,-0.721573
32.1000,-0.720931
32.1333,-0.723526
32.1667,-0.716405
32.2000,-0.715348
32.2333,-0.713737
32.2667,-0.708195
32.3000,-0.703596
32.3333,-0.681507
32.3667,-0.682928
32.4000,-0.698013
32.4333,-0.699612
32.4667,-0.705158
32.5000,-0.705153
32.5333,-0.703906
32.5667,-0.701438
32.6000,-0.699480
32.6333,-0.697576
32.6667,-0.691684
32.7000,-0.688747
32.7333,-0.691388
32.7667,-0.688925
32.8000,-0.689198
32.8333,-0.689562
32.8667,-0.687413
32.9000,-0.685551
32.9333,-0.685264
32.9667,-0.704548
33.0000,-0.702162
33.0333,-0.700053
33.0667,-0.677842
33.1000,-0.675401
33.1333,-0.674672
33.1667,-0.674650
33.2000,-0.673853
33.2333,-0.674254
33.2667,-0.673689
33.3000,-0.672209
33.3333,-0.668033
33.3667,-0.667114
33.4000,-0.660479
33.4333,-0.659997
33.4667,-0.657547
33.5000,-0.640139
33.5333,-0.639278
33.5667,-0.637261
33.6000,-0.650985
33.6333,-0.643991
33.6667,-0.642607
33.7000,-0.644647
33.7333,-0.644292
33.7667,-0.649733
33.8000,-0.648636
33.8333,-0.650894
33.8667,-0.653890
33.9000,-0.636136
33.9333,-0.631997
33.9667,-0.628264
34.0000,-0.647634
34.0333,-0.645580
34.0667,-0.643140
34.1000,-0.642748
34.1333,-0.640490
34.1667,-0.640226
34.2000,-0.637544
34.2333,-0.633514
34.2667,-0.639315
34.3000,-0.634005
34.3333,-0.627503
34.3667,-0.624899
34.4000,-0.645020
34.4333,-0.640553
34.4667,-0.618742
34.5000,-0.616866
34.5333,-0.614999
34.5667,-0.615282
34.6000,-0.615200
34.6333,-0.612249
34.6667,-0.613192
34.7000,-0.608807
34.7333,-0.605437
34.7667,-0.602386
34.8000,-0.604686
34.8333,-0.600560
34.8667,-0.599194
34.9000,-0.600415
34.9333,-0.597933
34.9667,-0.596230
35.0000,-0.591194
35.0333,-0.585862
35.0667,-0.600856
35.1000,-0.581081
35.1333,-0.581818
35.1667,-0.581850
35.2000,-0.577752
35.2333,-0.576759
35.2667,-0.569560
35.3000,-0.567165
35.3333,-0.565235
35.3667,-0.559984
35.4000,-0.560103
35.4333,-0.556219
35.4667,-0.553068
35.5000,-0.530437
35.5333,-0.529203
35.5667,-0.527049
35.6000,-0.542754
35.6333,-0.540869
35.6667,-0.538460
35.7000,-0.535678
35.7333,-0.530824
35.7667,-0.528374
35.8000,-0.529444
35.8333,-0.531457
35.8667,-0.531748
35.9000,-0.510434
35.9333,-0.510634
35.9667,-0.508385
36.0000,-0.524700
36.0333,-0.521890
36.0667,-0.517432
36.1000,-0.513671
36.1333,-0.510160
36.1667,-0.507005
36.2000,-0.504491
36.2333,-0.503590
36.2667,-0.501336
36.3000,-0.493030
36.3333,-0.491792
36.3667,-0.489939
36.4000,-0.487188
36.4333,-0.484757
36.4667,-0.495130
36.5000,-0.494556
36.5333,-0.496113
36.5667,-0.477043
36.6000,-0.478373
36.6333,-0.478655
36.6667,-0.475732
36.7000,-0.473938
36.7333,-0.468847
36.7667,-0.466479
36.8000,-0.468947
36.8333,-0.461744
36.8667,-0.463720
36.9000,-0.460646
36.9333,-0.461088
36.9667,-0.460059
37.0000,-0.458042
37.0333,-0.458761
37.0667,-0.457919
37.1000,-0.439300
37.1333,-0.437055
37.1667,-0.449518
37.2000,-0.448397
37.2333,-0.447965
37.2667,-0.445993
37.3000,-0.438698
37.3333,-0.434664
37.3667,-0.431932
37.4000,-0.430785
37.4333,-0.426996
37.4667,-0.427310
37.5000,-0.409502
37.5333,-0.407607
37.5667,-0.407849
37.6000,-0.419164
37.6333,-0.418977
37.6667,-0.419815
37.7000,-0.420935
37.7333,-0.420152
37.7667,-0.420913
37.8000,-0.422834
37.8333,-0.419997
37.8667,-0.418618
37.9000,-0.415458
37.9333,-0.417133
37.9667,-0.405486
38.0000,-0.412411
38.0333,-0.410194
38.0667,-0.408550
38.1000,-0.408696
38.1333,-0.405718
38.1667,-0.403227
38.2000,-0.401369
38.2333,-0.399976
38.2667,-0.398514
38.3000,-0.393159
38.3333,-0.397267
38.3667,-0.395486
38.4000,-0.392936
38.4333,-0.392959
38.4667,-0.389016
38.5000,-0.387636
38.5333,-0.382664
38.5667,-0.387458
38.6000,-0.387126
38.6333,-0.388970
38.6667,-0.372792
38.7000,-0.369158
38.7333,-0.366886
38.7667,-0.365743
38.8000,-0.368352
38.8333,-0.368288
38.8667,-0.368707
38.9000,-0.366062
38.9333,-0.368102
38.9667,-0.366995
39.0000,-0.364618
39.0333,-0.364468
39.0667,-0.363840
39.1000,-0.353071
39.1333,-0.353198
39.1667,-0.348021
39.2000,-0.356454
39.2333,-0.351272
39.2667,-0.347429
39.3000,-0.345589
39.3333,-0.347497
39.3667,-0.343381
39.4000,-0.340148
39.4333,-0.337971
39.4667,-0.334802
39.5000,-0.324871
39.5333,-0.325103
39.5667,-0.325235
39.6000,-0.331255
39.6333,-0.330982
39.6667,-0.332234
39.7000,-0.331587
39.7333,-0.332216
39.7667,-0.330536
39.8000,-0.329834
39.8333,-0.325673
39.8667,-0.322339
39.9000,-0.319416
39.9333,-0.317312
39.9667,-0.316994
40.0000,-0.326274
40.0333,-0.322777
40.0667,-0.317349
40.1000,-0.314580
40.1333,-0.312486
40.1667,-0.312258
40.2000,-0.314225
40.2333,-0.314844
40.2667,-0.314061
40.3000,-0.310491
40.3333,-0.310009
40.3667,-0.305710
40.4000,-0.302787
40.4333,-0.301676
40.4667,-0.299845
40.5000,-0.298379
40.5333,-0.295829
40.5667,-0.292423
40.6000,-0.287414
40.6333,-0.285320
40.6667,-0.282615
40.7000,-0.279528
40.7333,-0.281340
40.7667,-0.283526
40.8000,-0.283089
40.8333,-0.280457
40.8667,-0.281522
40.9000,-0.280220
40.9333,-0.276623
40.9667,-0.276340
41.0000,-0.275020
41.0333,-0.272361
41.0667,-0.271022
41.1000,-0.260913
41.1333,-0.258208
41.1667,-0.257316
41.2000,-0.265403
41.2333,-0.265439
41.2667,-0.268344
41.3000,-0.267671
41.3333,-0.268190
41.3667,-0.269037
41.4000,-0.271860
41.4333,-0.270776
41.4667,-0.273290
41.5000,-0.264028
41.5333,-0.267361
41.5667,-0.268426
41.6000,-0.274901
41.6333,-0.275575
41.6667,-0.276413
41.7000,-0.274856
41.7333,-0.274929
41.7667,-0.274719
41.8000,-0.275967
41.8333,-0.273572
41.8667,-0.276431
41.9000,-0.276149
41.9333,-0.274396
41.9667,-0.275361
42.0000,-0.280479
42.0333,-0.283385
42.0667,-0.292455
42.1000,-0.293603
42.1333,-0.293707
42.1667,-0.298739
42.2000,-0.292819
42.2333,-0.292628
42.2667,-0.290962
42.3000,-0.291972
42.3333,-0.292528
42.3667,-0.294240
42.4000,-0.297655
42.4333,-0.301207
42.4667,-0.300888
42.5000,-0.301075
42.5333,-0.301006
42.5667,-0.304326
42.6000,-0.301603
42.6333,-0.305737
42.6667,-0.306316
42.7000,-0.297678
42.7333,-0.297974
42.7667,-0.294035
42.8000,-0.304932
42.8333,-0.306726
42.8667,-0.308738
42.9000,-0.308588
42.9333,-0.310760
42.9667,-0.308137
43.0000,-0.306443
43.0333,-0.306557
43.0667,-0.304522
43.1000,-0.299731
43.1333,-0.298721
43.1667,-0.299121
43.2000,-0.308793
43.2333,-0.307846
43.2667,-0.305810
43.3000,-0.307764
43.3333,-0.309799
43.3667,-0.310532
43.4000,-0.312782
43.4333,-0.311129
43.4667,-0.312595
43.5000,-0.312704
43.5333,-0.313861
43.5667,-0.308492
43.6000,-0.317044
43.6333,-0.318883
43.6667,-0.313446
43.7000,-0.314180
43.7333,-0.313738
43.7667,-0.315350
43.8000,-0.313906
43.8333,-0.315887
43.8667,-0.312845
43.9000,-0.313966
43.9333,-0.311880
43.9667,-0.315833
44.0000,-0.318314
44.0333,-0.320659
44.0667,-0.319298
44.1000,-0.321802
44.1333,-0.320427
44.1667,-0.319739
44.2000,-0.327485
44.2333,-0.327043
44.2667,-0.329784
44.3000,-0.319580
44.3333,-0.316807
44.3667,-0.315946
44.4000,-0.319885
44.4333,-0.320463
44.4667,-0.320828
44.5000,-0.321884
44.5333,-0.322253
44.5667,-0.323063
44.6000,-0.322362
44.6333,-0.322294
44.6667,-0.321839
44.7000,-0.313355
44.7333,-0.317117
44.7667,-0.318492
44.8000,-0.326069
44.8333,-0.326743
44.8667,-0.325577
44.9000,-0.328728
44.9333,-0.330595
44.9667,-0.330540
45.0000,-0.328154
45.0333,-0.326114
45.0667,-0.323751
45.1000,-0.319011
45.1333,-0.320928
45.1667,-0.327376
45.2000,-0.337420
45.2333,-0.338522
45.2667,-0.339556
45.3000,-0.342825
45.3333,-0.342534
45.3667,-0.346277
45.4000,-0.346095
45.4333,-0.348558
45.4667,-0.350616
45.5000,-0.348604
45.5333,-0.349592
45.5667,-0.352165
45.6000,-0.367473
45.6333,-0.369882
45.6667,-0.375843
45.7000,-0.369796
45.7333,-0.372896
45.7667,-0.377577
45.8000,-0.380086
45.8333,-0.385833
45.8667,-0.388255
45.9000,-0.387932
45.9333,-0.390942
45.9667,-0.393228
46.0000,-0.397635
46.0333,-0.398888
46.0667,-0.401501
46.1000,-0.404707
46.1333,-0.407566
46.1667,-0.410736
46.2000,-0.415066
46.2333,-0.415075
46.2667,-0.416118
46.3000,-0.421550
46.3333,-0.422438
46.3667,-0.426085
46.4000,-0.427506
46.4333,-0.428239
46.4667,-0.433207
46.5000,-0.435165
46.5333,-0.437820
46.5667,-0.443279
46.6000,-0.444654
46.6333,-0.446230
46.6667,-0.450478
46.7000,-0.443425
46.7333,-0.447355
46.7667,-0.450301
46.8000,-0.463610
46.8333,-0.464599
46.8667,-0.466702
46.9000,-0.466456
46.9333,-0.469375
46.9667,-0.465395
47.0000,-0.468756
47.0333,-0.471001
47.0667,-0.471379
47.1000,-0.458747
47.1333,-0.458634
47.1667,-0.455150
47.2000,-0.466579
47.2333,-0.464908
47.2667,-0.462791
47.3000,-0.463023
47.3333,-0.463119
47.3667,-0.464480
47.4000,-0.464457
47.4333,-0.464772
47.4667,-0.469398
47.5000,-0.468437
47.5333,-0.467572
47.5667,-0.467590
47.6000,-0.470236
47.6333,-0.470386
47.6667,-0.469111
47.7000,-0.475582
47.7333,-0.475859
47.7667,-0.479147
47.8000,-0.469134
47.8333,-0.468965
47.8667,-0.468046
47.9000,-0.470131
47.9333,-0.473951
47.9667,-0.472854
48.0000,-0.477580
48.0333,-0.479006
48.0667,-0.476369
48.1000,-0.477776
48.1333,-0.477403
48.1667,-0.474352
48.2000,-0.473888
48.2333,-0.471684
48.2667,-0.472531
48.3000,-0.460223
48.3333,-0.467991
48.3667,-0.466324
48.4000,-0.475973
48.4333,-0.475709
48.4667,-0.478095
48.5000,-0.477157
48.5333,-0.477407
48.5667,-0.479702
48.6000,-0.483882
48.6333,-0.486268
48.6667,-0.488226
48.7000,-0.478345
48.7333,-0.478232
48.7667,-0.478796
48.8000,-0.491551
48.8333,-0.490544
48.8667,-0.489939
48.9000,-0.489256
48.9333,-0.489205
48.9667,-0.486082
49.0000,-0.487671
49.0333,-0.490845
49.0667,-0.490103
49.1000,-0.485936
49.1333,-0.485991
49.1667,-0.489260
49.2000,-0.495425
49.2333,-0.495330
49.2667,-0.492907
49.3000,-0.491159
49.3333,-0.492047
49.3667,-0.495225
49.4000,-0.491072
49.4333,-0.491341
49.4667,-0.488386
49.5000,-0.486942
49.5333,-0.487726
49.5667,-0.489365
49.6000,-0.490808
49.6333,-0.488695
49.6667,-0.488859
49.7000,-0.487357
49.7333,-0.490048
49.7667,-0.488969
49.8000,-0.500881
49.8333,-0.495366
49.8667,-0.495321
49.9000,-0.489069
49.9333,-0.489597
49.9667,-0.492297
50.0000,-0.495931
50.0333,-0.494305
50.0667,-0.493376
50.1000,-0.492980
50.1333,-0.491746
50.1667,-0.490175
50.2000,-0.492712
50.2333,-0.496910
50.2667,-0.494879
50.3000,-0.482922
50.3333,-0.482671
50.3667,-0.481278
50.4000,-0.496582
50.4333,-0.495844
50.4667,-0.496432
50.5000,-0.499282
50.5333,-0.498672
50.5667,-0.500293
50.6000,-0.503918
50.6333,-0.505184
50.6667,-0.506987
50.7000,-0.493021
50.7333,-0.495963
50.7667,-0.500225
50.8000,-0.516476
50.8333,-0.518225
50.8667,-0.519090
50.9000,-0.517141
50.9333,-0.518038
50.9667,-0.520656
51.0000,-0.518284
51.0333,-0.518220
51.0667,-0.522400
51.1000,-0.519705
51.1333,-0.520533
51.1667,-0.524563
51.2000,-0.538219
51.2333,-0.538032
51.2667,-0.537554
51.3000,-0.527864
51.3333,-0.527855
51.3667,-0.529185
51.4000,-0.527118
51.4333,-0.528848
51.4667,-0.527427
51.5000,-0.524413
51.5333,-0.527464
51.5667,-0.525783
51.6000,-0.526439
51.6333,-0.525588
51.6667,-0.524991
51.7000,-0.522437
51.7333,-0.521271
51.7667,-0.521494
51.8000,-0.523334
51.8333,-0.522669
51.8667,-0.526120
51.9000,-0.512510
51.9333,-0.523447
51.9667,-0.524290
52.0000,-0.522236
52.0333,-0.521453
52.0667,-0.518020
52.1000,-0.519732
52.1333,-0.517091
52.1667,-0.514705
52.2000,-0.512628
52.2333,-0.513198
52.2667,-0.510789
52.3000,-0.494169
52.3333,-0.494615
52.3667,-0.493845
52.4000,-0.510689
52.4333,-0.509792
52.4667,-0.509805
52.5000,-0.509373
52.5333,-0.507806
52.5667,-0.501231
52.6000,-0.499674
52.6333,-0.502333
52.6667,-0.499715
52.7000,-0.491632
52.7333,-0.491997
52.7667,-0.492124
52.8000,-0.501035
52.8333,-0.505111
52.8667,-0.503772
52.9000,-0.501705
52.9333,-0.502661
52.9667,-0.501327
53.0000,-0.502511
53.0333,-0.500034
53.0667,-0.502861
53.1000,-0.499305
53.1333,-0.498276
53.1667,-0.500279
53.2000,-0.503212
53.2333,-0.500803
53.2667,-0.501700
53.3000,-0.509018
53.3333,-0.508517
53.3667,-0.507529
53.4000,-0.504888
53.4333,-0.495676
53.4667,-0.491432
53.5000,-0.490462
53.5333,-0.488941
53.5667,-0.493140
53.6000,-0.488768
53.6333,-0.489333
53.6667,-0.486637
53.7000,-0.489042
53.7333,-0.486105
53.7667,-0.486291
53.8000,-0.489087
53.8333,-0.487885
53.8667,-0.485640
53.9000,-0.469744
53.9333,-0.469885
53.9667,-0.465810
54.0000,-0.476551
54.0333,-0.474885
54.0667,-0.474666
54.1000,-0.476000
54.1333,-0.473733
54.1667,-0.472704
54.2000,-0.465746
54.2333,-0.466966
54.2667,-0.466839
54.3000,-0.455355
54.3333,-0.450610
54.3667,-0.449964
54.4000,-0.464344
54.4333,-0.458087
54.4667,-0.457686
54.5000,-0.456639
54.5333,-0.456748
54.5667,-0.454362
54.6000,-0.455756
54.6333,-0.456120
54.6667,-0.456730
54.7000,-0.454973
54.7333,-0.454973
54.7667,-0.454280
54.8000,-0.460683
54.8333,-0.461429
54.8667,-0.459927
54.9000,-0.460273
54.9333,-0.455246
54.9667,-0.455847
55.0000,-0.453251
55.0333,-0.455642
55.0667,-0.453119
55.1000,-0.455501
55.1333,-0.455496
55.1667,-0.459103
55.2000,-0.458593
55.2333,-0.456539
55.2667,-0.454704
55.3000,-0.453725
55.3333,-0.453925
55.3667,-0.451507
55.4000,-0.454048
55.4333,-0.464740
55.4667,-0.467745
55.5000,-0.456197
55.5333,-0.457750
55.5667,-0.463975
55.6000,-0.464403
55.6333,-0.463428
55.6667,-0.461734
55.7000,-0.465869
55.7333,-0.463019
55.7667,-0.463283
55.8000,-0.462891
55.8333,-0.463228
55.8667,-0.465186
55.9000,-0.452946
55.9333,-0.454950
55.9667,-0.455460
56.0000,-0.470058
56.0333,-0.469366
56.0667,-0.467945
56.1000,-0.468883
56.1333,-0.467627
56.1667,-0.463984
56.2000,-0.463483
56.2333,-0.463401
56.2667,-0.463128
56.3000,-0.448029
56.3333,-0.446927
56.3667,-0.448274
56.4000,-0.460332
56.4333,-0.462181
56.4667,-0.464558
56.5000,-0.462927
56.5333,-0.461156
56.5667,-0.463378
56.6000,-0.460614
56.6333,-0.459052
56.6667,-0.457741
56.7000,-0.457595
56.7333,-0.459153
56.7667,-0.458174
56.8000,-0.457823
56.8333,-0.464562
56.8667,-0.464594
56.9000,-0.461470
56.9333,-0.450282
56.9667,-0.445806
57.0000,-0.446494
57.0333,-0.444500
57.0667,-0.441481
57.1000,-0.436039
57.1333,-0.435088
57.1667,-0.430461
57.2000,-0.427679
57.2333,-0.427269
57.2667,-0.424669
57.3000,-0.423185
57.3333,-0.418499
57.3667,-0.415612
57.4000,-0.414920
57.4333,-0.415849
57.4667,-0.415790
57.5000,-0.398464
57.5333,-0.408477
57.5667,-0.407671
57.6000,-0.403887
57.6333,-0.405021
57.6667,-0.406446
57.7000,-0.401606
57.7333,-0.401488
57.7667,-0.398897
57.8000,-0.397084
57.8333,-0.395951
57.8667,-0.392417
57.9000,-0.378875
57.9333,-0.378329
57.9667,-0.374877
58.0000,-0.386684
58.0333,-0.388123
58.0667,-0.384162
58.1000,-0.382682
58.1333,-0.382308
58.1667,-0.379900
58.2000,-0.377423
58.2333,-0.376457
58.2667,-0.372614
58.3000,-0.370583
58.3333,-0.361508
58.3667,-0.359514
58.4000,-0.366749
58.4333,-0.364518
58.4667,-0.363917
58.5000,-0.364441
58.5333,-0.365338
58.5667,-0.361586
58.6000,-0.363635
58.6333,-0.364454
58.6667,-0.364395
58.7000,-0.361631
58.7333,-0.358089
58.7667,-0.356267
58.8000,-0.358767
58.8333,-0.358171
58.8667,-0.357838
58.9000,-0.354528
58.9333,-0.362164
58.9667,-0.359855
59.0000,-0.360916
59.0333,-0.350129
59.0667,-0.347010
59.1000,-0.345840
59.1333,-0.343559
59.1667,-0.342734
59.2000,-0.345553
59.2333,-0.340362
59.2667,-0.343135
59.3000,-0.338381
59.3333,-0.337038
59.3667,-0.335836
59.4000,-0.336027
59.4333,-0.332994
59.4667,-0.335863
59.5000,-0.323068
59.5333,-0.321083
59.5667,-0.322758
59.6000,-0.328582
59.6333,-0.329520
59.6667,-0.327225
59.7000,-0.325245
59.7333,-0.323368
59.7667,-0.325481
59.8000,-0.324097
59.8333,-0.322831
59.8667,-0.323610
59.9000,-0.314362
59.9333,-0.312427
59.9667,-0.311630
60.0000,-0.314307
60.0333,-0.312003
60.0667,-0.311111
60.1000,-0.308538
60.1333,-0.305938
60.1667,-0.305387
60.2000,-0.304194
60.2333,-0.304959
60.2667,-0.301630
60.3000,-0.296225
60.3333,-0.294996
60.3667,-0.294008
60.4000,-0.298985
60.4333,-0.287669
60.4667,-0.286012
60.5000,-0.283507
60.5333,-0.280489
60.5667,-0.280994
60.6000,-0.283029
60.6333,-0.280657
60.6667,-0.278194
60.7000,-0.275065
60.7333,-0.277451
60.7667,-0.274856
60.8000,-0.277907
60.8333,-0.278134
60.8667,-0.278130
60.9000,-0.274697
60.9333,-0.274583
60.9667,-0.270744
61.0000,-0.272930
61.0333,-0.275293
61.0667,-0.274036
61.1000,-0.267233
61.1333,-0.264520
61.1667,-0.264911
61.2000,-0.265057
61.2333,-0.263181
61.2667,-0.260390
61.3000,-0.257439
61.3333,-0.253760
61.3667,-0.252262
61.4000,-0.252667
61.4333,-0.250504
61.4667,-0.250440
61.5000,-0.244780
61.5333,-0.242576
61.5667,-0.240536
61.6000,-0.244293
61.6333,-0.244238
61.6667,-0.242995
61.7000,-0.243178
61.7333,-0.240500
61.7667,-0.241821
61.8000,-0.242066
61.8333,-0.242959
61.8667,-0.241301
61.9000,-0.236083
61.9333,-0.235947
61.9667,-0.236447
62.0000,-0.239152
62.0333,-0.238255
62.0667,-0.237704
62.1000,-0.233215
62.1333,-0.234230
62.1667,-0.232258
62.2000,-0.232144
62.2333,-0.232554
62.2667,-0.231940
62.3000,-0.229112
62.3333,-0.228065
62.3667,-0.226767
62.4000,-0.226343
62.4333,-0.226516
62.4667,-0.225688
62.5000,-0.221958
62.5333,-0.218011
62.5667,-0.216185
62.6000,-0.211740
62.6333,-0.211062
62.6667,-0.208621
62.7000,-0.207993
62.7333,-0.208503
62.7667,-0.208303
62.8000,-0.210529
62.8333,-0.211699
62.8667,-0.214404
62.9000,-0.213134
62.9333,-0.215096
62.9667,-0.213466
63.0000,-0.212933
63.0333,-0.214054
63.0667,-0.214108
63.1000,-0.210597
63.1333,-0.210625
63.1667,-0.215665
63.2000,-0.216731
63.2333,-0.217241
63.2667,-0.220310
63.3000,-0.220638
63.3333,-0.222878
63.3667,-0.220938
63.4000,-0.222987
63.4333,-0.222168
63.4667,-0.221439
63.5000,-0.215820
63.5333,-0.215829
63.5667,-0.217587
63.6000,-0.223812
63.6333,-0.221234
63.6667,-0.222200
63.7000,-0.220688
63.7333,-0.219449
63.7667,-0.218006
63.8000,-0.219413
63.8333,-0.218029
63.8667,-0.218156
63.9000,-0.216968
63.9333,-0.215725
63.9667,-0.217405
64.0000,-0.225355
64.0333,-0.221904
64.0667,-0.223375
64.1000,-0.223602
64.1333,-0.222714
64.1667,-0.223994
64.2000,-0.223015
64.2333,-0.222263
64.2667,-0.223844
64.3000,-0.220761
64.3333,-0.222728
64.3667,-0.220579
64.4000,-0.221216
64.4333,-0.219021
64.4667,-0.220205
64.5000,-0.218024
64.5333,-0.222031
64.5667,-0.222386
64.6000,-0.222027
64.6333,-0.218807
64.6667,-0.217364
64.7000,-0.216175
64.7333,-0.214022
64.7667,-0.211258
64.8000,-0.209919
64.8333,-0.207633
64.8667,-0.207510
64.9000,-0.206677
64.9333,-0.205124
64.9667,-0.204327
65.0000,-0.207119
65.0333,-0.206855
65.0667,-0.204664
65.1000,-0.199492
65.1333,-0.201213
65.1667,-0.202192
65.2000,-0.208375
65.2333,-0.205967
65.2667,-0.206518
65.3000,-0.205070
65.3333,-0.205520
65.3667,-0.204432
65.4000,-0.205958
65.4333,-0.204309
65.4667,-0.202770
65.5000,-0.194537
65.5333,-0.197197
65.5667,-0.193568
65.6000,-0.202392
65.6333,-0.202246
65.6667,-0.204059
65.7000,-0.204632
65.7333,-0.206140
65.7667,-0.203817
65.8000,-0.206682
65.8333,-0.204382
65.8667,-0.203285
65.9000,-0.203731
65.9333,-0.204382
65.9667,-0.205689
66.0000,-0.210825
66.0333,-0.205220
66.0667,-0.205024
66.1000,-0.203940
66.1333,-0.204396
66.1667,-0.200971
66.2000,-0.199637
66.2333,-0.200985
66.2667,-0.201372
66.3000,-0.202287
66.3333,-0.203080
66.3667,-0.206140
66.4000,-0.206176
66.4333,-0.206513
66.4667,-0.209509
66.5000,-0.210347
66.5333,-0.211299
66.5667,-0.212146
66.6000,-0.211809
66.6333,-0.211230
66.6667,-0.216704
66.7000,-0.212032
66.7333,-0.215137
66.7667,-0.213166
66.8000,-0.216922
66.8333,-0.217423
66.8667,-0.221558
66.9000,-0.220132
66.9333,-0.223311
66.9667,-0.225770
67.0000,-0.226662
67.0333,-0.226881
67.0667,-0.228925
67.1000,-0.223138
67.1333,-0.226116
67.1667,-0.225852
67.2000,-0.234735
67.2333,-0.237472
67.2667,-0.241484
67.3000,-0.241852
67.3333,-0.245222
67.3667,-0.245140
67.4000,-0.247471
67.4333,-0.249744
67.4667,-0.251032
67.5000,-0.246980
67.5333,-0.250336
67.5667,-0.252640
67.6000,-0.264447
67.6333,-0.267584
67.6667,-0.269501
67.7000,-0.272934
67.7333,-0.273344
67.7667,-0.274105
67.8000,-0.274656
67.8333,-0.275175
67.8667,-0.275480
67.9000,-0.275735
67.9333,-0.278995
67.9667,-0.280530
68.0000,-0.281622
68.0333,-0.283608
68.0667,-0.292655
68.1000,-0.296371
68.1333,-0.297587
68.1667,-0.291977
68.2000,-0.294563
68.2333,-0.296972
68.2667,-0.300669
68.3000,-0.302104
68.3333,-0.302600
68.3667,-0.302140
68.4000,-0.308943
68.4333,-0.310109
68.4667,-0.309635
68.5000,-0.312203
68.5333,-0.313815
68.5667,-0.315828
68.6000,-0.317535
68.6333,-0.317681
68.6667,-0.318820
68.7000,-0.313724
68.7333,-0.311274
68.7667,-0.320878
68.8000,-0.324074
68.8333,-0.326342
68.8667,-0.328191
68.9000,-0.327070
68.9333,-0.328500
68.9667,-0.329916
69.0000,-0.332302
69.0333,-0.332189
69.0667,-0.333851
69.1000,-0.327849
69.1333,-0.328154
69.1667,-0.330381
69.2000,-0.343659
69.2333,-0.345945
69.2667,-0.348194
69.3000,-0.349405
69.3333,-0.350489
69.3667,-0.353394
69.4000,-0.352652
69.4333,-0.354164
69.4667,-0.350585
69.5000,-0.355243
69.5333,-0.356941
69.5667,-0.353280
69.6000,-0.363166
69.6333,-0.368780
69.6667,-0.375109
69.7000,-0.374772
69.7333,-0.376498
69.7667,-0.377937
69.8000,-0.379080
69.8333,-0.380496
69.8667,-0.381247
69.9000,-0.380533
69.9333,-0.382145
69.9667,-0.386803
70.0000,-0.388993
70.0333,-0.388515
70.0667,-0.390650
70.1000,-0.390983
70.1333,-0.392768
70.1667,-0.404406
70.2000,-0.405354
70.2333,-0.411146
70.2667,-0.403168
70.3000,-0.402485
70.3333,-0.401415
70.3667,-0.406537
70.4000,-0.412193
70.4333,-0.411401
70.4667,-0.413472
70.5000,-0.415817
70.5333,-0.416341
70.5667,-0.417844
70.6000,-0.416733
70.6333,-0.419697
70.6667,-0.422297
70.7000,-0.411678
70.7333,-0.415107
70.7667,-0.419474
70.8000,-0.436085
70.8333,-0.438189
70.8667,-0.437087
70.9000,-0.443580
70.9333,-0.445415
70.9667,-0.450333
71.0000,-0.448875
71.0333,-0.450223
71.0667,-0.449449
71.1000,-0.439946
71.1333,-0.442792
71.1667,-0.441221
71.2000,-0.456894
71.2333,-0.455924
71.2667,-0.456125
71.3000,-0.456129
71.3333,-0.461944
71.3667,-0.462331
71.4000,-0.467590
71.4333,-0.468633
71.4667,-0.467071
71.5000,-0.467495
71.5333,-0.470031
71.5667,-0.470809
71.6000,-0.491282
71.6333,-0.493818
71.6667,-0.483632
71.7000,-0.485745
71.7333,-0.485718
71.7667,-0.486719
71.8000,-0.488213
71.8333,-0.492411
71.8667,-0.492156
71.9000,-0.491327
71.9333,-0.495334
71.9667,-0.493886
72.0000,-0.500744
72.0333,-0.505616
72.0667,-0.508421
72.1000,-0.511572
72.1333,-0.511162
72.1667,-0.512027
72.2000,-0.513785
72.2333,-0.517610
72.2667,-0.529677
72.3000,-0.517537
72.3333,-0.517127
72.3667,-0.520315
72.4000,-0.522819
72.4333,-0.523721
72.4667,-0.523848
72.5000,-0.526098
72.5333,-0.530332
72.5667,-0.532468
72.6000,-0.534576
72.6333,-0.533461
72.6667,-0.536566
72.7000,-0.522801
72.7333,-0.527573
72.7667,-0.531903
72.8000,-0.549001
72.8333,-0.549461
72.8667,-0.552389
72.9000,-0.551538
72.9333,-0.554133
72.9667,-0.558555
73.0000,-0.558277
73.0333,-0.561177
73.0667,-0.563049
73.1000,-0.546843
73.1333,-0.548669
73.1667,-0.552102
73.2000,-0.552585
73.2333,-0.564324
73.2667,-0.564224
73.3000,-0.565321
73.3333,-0.562931
73.3667,-0.564729
73.4000,-0.566173
73.4333,-0.567598
73.4667,-0.572097
73.5000,-0.567311
73.5333,-0.568641
73.5667,-0.567839
73.6000,-0.573271
73.6333,-0.575371
73.6667,-0.586900
73.7000,-0.586586
73.7333,-0.585730
73.7667,-0.574578
73.8000,-0.573959
73.8333,-0.577520
73.8667,-0.581704
73.9000,-0.578135
73.9333,-0.578781
73.9667,-0.580858
74.0000,-0.584942
74.0333,-0.583335
74.0667,-0.584587
74.1000,-0.585666
74.1333,-0.584386
74.1667,-0.585261
74.2000,-0.586904
74.2333,-0.586759
74.2667,-0.586094
74.3000,-0.571928
74.3333,-0.570758
74.3667,-0.582037
74.4000,-0.584965
74.4333,-0.583763
74.4667,-0.582793
74.5000,-0.588603
74.5333,-0.587392
74.5667,-0.587938
74.6000,-0.589240
74.6333,-0.589650
74.6667,-0.591212
74.7000,-0.593238
74.7333,-0.583763
74.7667,-0.589345
74.8000,-0.609549
74.8333,-0.615637
74.8667,-0.616661
74.9000,-0.617950
74.9333,-0.617741
74.9667,-0.617467
75.0000,-0.617991
75.0333,-0.618742
75.0667,-0.619453
75.1000,-0.616561
75.1333,-0.617868
75.1667,-0.607732
75.2000,-0.624147
75.2333,-0.626205
75.2667,-0.625700
75.3000,-0.627854
75.3333,-0.629657
75.3667,-0.624949
75.4000,-0.625868
75.4333,-0.627826
75.4667,-0.628883
75.5000,-0.624507
75.5333,-0.625463
75.5667,-0.625213
75.6000,-0.629124
75.6333,-0.631911
75.6667,-0.628815
75.7000,-0.632849
75.7333,-0.633637
75.7667,-0.649168
75.8000,-0.648581
75.8333,-0.654573
75.8667,-0.643686
75.9000,-0.639643
75.9333,-0.642092
75.9667,-0.641368
76.0000,-0.641760
76.0333,-0.640016
76.0667,-0.641728
76.1000,-0.640726
76.1333,-0.643336
76.1667,-0.643855
76.2000,-0.643131
76.2333,-0.642033
76.2667,-0.639879
76.3000,-0.619257
76.3333,-0.616311
76.3667,-0.617822
76.4000,-0.634752
76.4333,-0.637812
76.4667,-0.637844
76.5000,-0.634893
76.5333,-0.637229
76.5667,-0.637853
76.6000,-0.635485
76.6333,-0.636724
76.6667,-0.637298
76.7000,-0.621265
76.7333,-0.620095
76.7667,-0.620040
76.8000,-0.632088
76.8333,-0.629935
76.8667,-0.632280
76.9000,-0.633687
76.9333,-0.633013
76.9667,-0.634051
77.0000,-0.633268
77.0333,-0.632694
77.0667,-0.631961
77.1000,-0.630477
77.1333,-0.627576
77.1667,-0.629871
77.2000,-0.644756
77.2333,-0.641806
77.2667,-0.627198
77.3000,-0.638277
77.3333,-0.640034
77.3667,-0.646951
77.4000,-0.652452
77.4333,-0.657155
77.4667,-0.664559
77.5000,-0.669117
77.5333,-0.678001
77.5667,-0.685191
77.6000,-0.694047
77.6333,-0.695855
77.6667,-0.696770
77.7000,-0.700026
77.7333,-0.706392
77.7667,-0.713254
77.8000,-0.721150
77.8333,-0.724319
77.8667,-0.728640
77.9000,-0.734232
77.9333,-0.733758
77.9667,-0.739550
78.0000,-0.750506
78.0333,-0.749732
78.0667,-0.752359
78.1000,-0.758793
78.1333,-0.762276
78.1667,-0.766001
78.2000,-0.773482
78.2333,-0.775645
78.2667,-0.781442
78.3000,-0.774421
78.3333,-0.779998
78.3667,-0.785549
78.4000,-0.811285
78.4333,-0.812260
78.4667,-0.812779
78.5000,-0.817455
78.5333,-0.822633
78.5667,-0.828434
78.6000,-0.830829
78.6333,-0.839371
78.6667,-0.843788
78.7000,-0.829727
78.7333,-0.835719
78.7667,-0.838547
78.8000,-0.857476
78.8333,-0.855363
78.8667,-0.851265
78.9000,-0.851073
78.9333,-0.850163
78.9667,-0.846761
79.0000,-0.842162
79.0333,-0.837413
79.0667,-0.832696
79.1000,-0.830023
79.1333,-0.829349
79.1667,-0.829062
79.2000,-0.831252
79.2333,-0.826690
79.2667,-0.823184
79.3000,-0.839763
79.3333,-0.836662
79.3667,-0.831831
79.4000,-0.814236
79.4333,-0.815424
79.4667,-0.812615
79.5000,-0.808717
79.5333,-0.808908
79.5667,-0.810548
79.6000,-0.813011
79.6333,-0.811404
79.6667,-0.805894
79.7000,-0.802688
79.7333,-0.801969
79.7667,-0.800598
79.8000,-0.799975
79.8333,-0.800075
79.8667,-0.796628
79.9000,-0.771525
79.9333,-0.772526
79.9667,-0.770377
80.0000,-0.791837
80.0333,-0.786583
80.0667,-0.783741
80.1000,-0.782517
80.1333,-0.776055
80.1667,-0.774134
80.2000,-0.773164
80.2333,-0.768560
80.2667,-0.767190
80.3000,-0.739300
80.3333,-0.739591
80.3667,-0.739436
80.4000,-0.752222
80.4333,-0.747405
80.4667,-0.747551
80.5000,-0.745283
80.5333,-0.748416
80.5667,-0.749026
80.6000,-0.743789
80.6333,-0.744746
80.6667,-0.743188
80.7000,-0.739017
80.7333,-0.739728
80.7667,-0.737214
80.8000,-0.731131
80.8333,-0.727966
80.8667,-0.728590
80.9000,-0.722620
80.9333,-0.721450
80.9667,-0.721013
81.0000,-0.717734
81.0333,-0.716314
81.0667,-0.714142
81.1000,-0.706182
81.1333,-0.706064
81.1667,-0.710540
81.2000,-0.706802
81.2333,-0.704070
81.2667,-0.701670
81.3000,-0.696575
81.3333,-0.692363
81.3667,-0.691065
81.4000,-0.703091
81.4333,-0.700664
81.4667,-0.699247
81.5000,-0.672122
81.5333,-0.672887
81.5667,-0.672487
81.6000,-0.673821
81.6333,-0.670410
81.6667,-0.670324
81.7000,-0.667004
81.7333,-0.667765
81.7667,-0.666440
81.8000,-0.666545
81.8333,-0.662779
81.8667,-0.659874
81.9000,-0.642520
81.9333,-0.640713
81.9667,-0.636164
82.0000,-0.648791
82.0333,-0.642753
82.0667,-0.635781
82.1000,-0.633787
82.1333,-0.627713
82.1667,-0.626847
82.2000,-0.623278
82.2333,-0.621392
82.2667,-0.620086
82.3000,-0.600333
82.3333,-0.603825
82.3667,-0.598129
82.4000,-0.611648
82.4333,-0.607172
82.4667,-0.601635
82.5000,-0.599695
82.5333,-0.596198
82.5667,-0.593944
82.6000,-0.592177
82.6333,-0.587032
82.6667,-0.582811
82.7000,-0.579892
82.7333,-0.579929
82.7667,-0.575680
82.8000,-0.586741
82.8333,-0.582337
82.8667,-0.579910
82.9000,-0.564816
82.9333,-0.562270
82.9667,-0.559616
83.0000,-0.559320
83.0333,-0.558026
83.0667,-0.553792
83.1000,-0.547103
83.1333,-0.548000
83.1667,-0.542485
83.2000,-0.545750
83.2333,-0.542504
83.2667,-0.540232
83.3000,-0.537468
83.3333,-0.535651
83.3667,-0.534307
83.4000,-0.532149
83.4333,-0.532258
83.4667,-0.530692
83.5000,-0.522573
83.5333,-0.521713
83.5667,-0.523042
83.6000,-0.528925
83.6333,-0.525460
83.6667,-0.521048
83.7000,-0.519586
83.7333,-0.516831
83.7667,-0.514482
83.8000,-0.515497
83.8333,-0.512451
83.8667,-0.512037
83.9000,-0.495503
83.9333,-0.492261
83.9667,-0.490376
84.0000,-0.500065
84.0333,-0.497247
84.0667,-0.492284
84.1000,-0.490490
84.1333,-0.486892
84.1667,-0.485681
84.2000,-0.485622
84.2333,-0.482480
84.2667,-0.483099
84.3000,-0.470372
84.3333,-0.470199
84.3667,-0.467312
84.4000,-0.477011
84.4333,-0.474325
84.4667,-0.475117
84.5000,-0.473305
84.5333,-0.469025
84.5667,-0.467312
84.6000,-0.465036
84.6333,-0.462276
84.6667,-0.461275
84.7000,-0.453925
84.7333,-0.453488
84.7667,-0.451020
84.8000,-0.449672
84.8333,-0.444591
84.8667,-0.441804
84.9000,-0.447446
84.9333,-0.445734
84.9667,-0.444604
85.0000,-0.436408
85.0333,-0.435229
85.0667,-0.432620
85.1000,-0.423230
85.1333,-0.422857
85.1667,-0.422101
85.2000,-0.425134
85.2333,-0.421846
85.2667,-0.417762
85.3000,-0.414706
85.3333,-0.412698
85.3667,-0.411810
85.4000,-0.409980
85.4333,-0.411637
85.4667,-0.412015
85.5000,-0.397849
85.5333,-0.397007
85.5667,-0.396228
85.6000,-0.406496
85.6333,-0.405149
85.6667,-0.401916
85.7000,-0.399689
85.7333,-0.397959
85.7667,-0.393082
85.8000,-0.390728
85.8333,-0.387845
85.8667,-0.385915
85.9000,-0.372100
85.9333,-0.372437
85.9667,-0.370347
86.0000,-0.380633
86.0333,-0.378051
86.0667,-0.376348
86.1000,-0.374745
86.1333,-0.375556
86.1667,-0.373557
86.2000,-0.373570
86.2333,-0.368917
86.2667,-0.369727
86.3000,-0.364605
86.3333,-0.364536
86.3667,-0.363439
86.4000,-0.362619
86.4333,-0.357579
86.4667,-0.356873
86.5000,-0.355425
86.5333,-0.353512
86.5667,-0.351600
86.6000,-0.351609
86.6333,-0.351604
86.6667,-0.351727
86.7000,-0.347479
86.7333,-0.347138
86.7667,-0.349050
86.8000,-0.351673
86.8333,-0.349697
86.8667,-0.345225
86.9000,-0.345339
86.9333,-0.344592
86.9667,-0.341692
87.0000,-0.346204
87.0333,-0.345712
87.0667,-0.345799
87.1000,-0.334001
87.1333,-0.335695
87.1667,-0.336095
87.2000,-0.339337
87.2333,-0.339319
87.2667,-0.339643
87.3000,-0.339296
87.3333,-0.340203
87.3667,-0.340795
87.4000,-0.340540
87.4333,-0.339592
87.4667,-0.340581
87.5000,-0.328910
87.5333,-0.330882
87.5667,-0.332448
87.6000,-0.343085
87.6333,-0.340772
87.6667,-0.340184
87.7000,-0.339178
87.7333,-0.341764
87.7667,-0.338022
87.8000,-0.338226
87.8333,-0.339943
87.8667,-0.341236
87.9000,-0.331474
87.9333,-0.335016
87.9667,-0.335107
88.0000,-0.343732
88.0333,-0.343613
88.0667,-0.344779
88.1000,-0.344934
88.1333,-0.343395
88.1667,-0.345061
88.2000,-0.346072
88.2333,-0.346200
88.2667,-0.345708
88.3000,-0.343417
88.3333,-0.343572
88.3667,-0.345353
88.4000,-0.353890
88.4333,-0.351623
88.4667,-0.351504
88.5000,-0.347028
88.5333,-0.348654
88.5667,-0.347948
88.6000,-0.347652
88.6333,-0.348025
88.6667,-0.347561
88.7000,-0.343563
88.7333,-0.346286
88.7667,-0.348071
88.8000,-0.349009
88.8333,-0.349733
88.8667,-0.349300
88.9000,-0.350248
88.9333,-0.349628
88.9667,-0.348695
89.0000,-0.348977
89.0333,-0.352265
89.0667,-0.351422
89.1000,-0.341942
89.1333,-0.348654
89.1667,-0.349610
89.2000,-0.350216
89.2333,-0.349596
89.2667,-0.349310
89.3000,-0.353376
89.3333,-0.349460
89.3667,-0.347634
89.4000,-0.349487
89.4333,-0.350065
89.4667,-0.347552
89.5000,-0.337138
89.5333,-0.336227
89.5667,-0.334638
89.6000,-0.341582
89.6333,-0.342498
89.6667,-0.340963
89.7000,-0.339296
89.7333,-0.338755
89.7667,-0.337498
89.8000,-0.337165
89.8333,-0.336929
89.8667,-0.338386
89.9000,-0.329803
89.9333,-0.332457
89.9667,-0.334611
90.0000,-0.342835
90.0333,-0.341610
90.0667,-0.341459
90.1000,-0.343413
90.1333,-0.343076
90.1667,-0.345462
90.2000,-0.342466
90.2333,-0.340663
90.2667,-0.337238
90.3000,-0.337083
90.3333,-0.336077
90.3667,-0.338331
90.4000,-0.340071
90.4333,-0.339806
90.4667,-0.339265
90.5000,-0.339583
90.5333,-0.344237
90.5667,-0.346063
90.6000,-0.344997
90.6333,-0.337657
90.6667,-0.339296
90.7000,-0.341332
90.7333,-0.342589
90.7667,-0.344897
90.8000,-0.345330
90.8333,-0.348672
90.8667,-0.350808
90.9000,-0.352069
90.9333,-0.351891
90.9667,-0.353385
91.0000,-0.355803
91.0333,-0.358890
91.0667,-0.359013
91.1000,-0.352843
91.1333,-0.355744
91.1667,-0.356267
91.2000,-0.367168
91.2333,-0.369923
91.2667,-0.373065
91.3000,-0.377017
91.3333,-0.380569
91.3667,-0.383898
91.4000,-0.384453
91.4333,-0.387800
91.4667,-0.387850
91.5000,-0.381024
91.5333,-0.382627
91.5667,-0.386397
91.6000,-0.396483
91.6333,-0.398318
91.6667,-0.395960
91.7000,-0.398296
91.7333,-0.400818
91.7667,-0.404602
91.8000,-0.406965
91.8333,-0.407940
91.8667,-0.411610
91.9000,-0.410376
91.9333,-0.414306
91.9667,-0.419579
92.0000,-0.434318
92.0333,-0.426336
92.0667,-0.426409
92.1000,-0.432114
92.1333,-0.434824
92.1667,-0.435953
92.2000,-0.435206
92.2333,-0.438439
92.2667,-0.440907
92.3000,-0.440452
92.3333,-0.443284
92.3667,-0.445820
92.4000,-0.449832
92.4333,-0.449513
92.4667,-0.451894
92.5000,-0.451872
92.5333,-0.455592
92.5667,-0.460100
92.6000,-0.463260
92.6333,-0.478172
92.6667,-0.478359
92.7000,-0.469289
92.7333,-0.471433
92.7667,-0.472649
92.8000,-0.474516
92.8333,-0.473774
92.8667,-0.473687
92.9000,-0.473505
92.9333,-0.474106
92.9667,-0.478314
93.0000,-0.481565
93.0333,-0.486337
93.0667,-0.487156
93.1000,-0.479630
93.1333,-0.479525
93.1667,-0.483605
93.2000,-0.502743
93.2333,-0.501605
93.2667,-0.502920
93.3000,-0.504218
93.3333,-0.506932
93.3667,-0.505976
93.4000,-0.511991
93.4333,-0.513298
93.4667,-0.514864
93.5000,-0.504532
93.5333,-0.509682
93.5667,-0.510493
93.6000,-0.525879
93.6333,-0.527213
93.6667,-0.530719
93.7000,-0.533688
93.7333,-0.535072
93.7667,-0.535974
93.8000,-0.537877
93.8333,-0.537887
93.8667,-0.541452
93.9000,-0.542886
93.9333,-0.546884
93.9667,-0.551870
94.0000,-0.557630
94.0333,-0.573390
94.0667,-0.573681
94.1000,-0.574929
94.1333,-0.562166
94.1667,-0.565722
94.2000,-0.570457
94.2333,-0.571409
94.2667,-0.575402
94.3000,-0.573690
94.3333,-0.578731
94.3667,-0.581021
94.4000,-0.588726
94.4333,-0.587669
94.4667,-0.590720
94.5000,-0.594946
94.5333,-0.593635
94.5667,-0.594536
94.6000,-0.595246
94.6333,-0.603798
94.6667,-0.606812
94.7000,-0.596940
94.7333,-0.615719
94.7667,-0.619270
94.8000,-0.628250
94.8333,-0.631228
94.8667,-0.633168
94.9000,-0.631310
94.9333,-0.637493
94.9667,-0.637402
95.0000,-0.642174
95.0333,-0.644797
95.0667,-0.649369
95.1000,-0.637421
95.1333,-0.642229
95.1667,-0.644715
95.2000,-0.667164
95.2333,-0.668484
95.2667,-0.673211
95.3000,-0.674868
95.3333,-0.677837
95.3667,-0.680920
95.4000,-0.681330
95.4333,-0.684690
95.4667,-0.684216
95.5000,-0.685387
95.5333,-0.673816
95.5667,-0.672960
95.6000,-0.694503
95.6333,-0.699043
95.6667,-0.701579
95.7000,-0.703309
95.7333,-0.704775
95.7667,-0.706970
95.8000,-0.709693
95.8333,-0.715089
95.8667,-0.719287
95.9000,-0.716828
95.9333,-0.724751
95.9667,-0.723299
96.0000,-0.728244
96.0333,-0.733544
96.0667,-0.736895
96.1000,-0.740775
96.1333,-0.759426
96.1667,-0.761111
96.2000,-0.760819
96.2333,-0.747551
96.2667,-0.749254
96.3000,-0.744381
96.3333,-0.748789
96.3667,-0.749190
96.4000,-0.756521
96.4333,-0.754627
96.4667,-0.755911
96.5000,-0.756885
96.5333,-0.757413
96.5667,-0.758770
96.6000,-0.759080
96.6333,-0.762140
96.6667,-0.760874
96.7000,-0.743935
96.7333,-0.747678
96.7667,-0.751612
96.8000,-0.778915
96.8333,-0.778268
96.8667,-0.777831
96.9000,-0.778414
96.9333,-0.781879
96.9667,-0.782248
97.0000,-0.787735
97.0333,-0.787585
97.0667,-0.796104
97.1000,-0.781205
97.1333,-0.781638
97.1667,-0.783860
97.2000,-0.813913
97.2333,-0.816513
97.2667,-0.816303
97.3000,-0.817615
97.3333,-0.816340
97.3667,-0.820178
97.4000,-0.824668
97.4333,-0.822173
97.4667,-0.830009
97.5000,-0.825365
97.5333,-0.826981
97.5667,-0.828552
97.6000,-0.851128
97.6333,-0.830214
97.6667,-0.831270
97.7000,-0.829895
97.7333,-0.832131
97.7667,-0.835023
97.8000,-0.836425
97.8333,-0.832728
97.8667,-0.835437
97.9000,-0.833005
97.9333,-0.838515
97.9667,-0.842372
98.0000,-0.843123
98.0333,-0.843679
98.0667,-0.843833
98.1000,-0.841334
98.1333,-0.842404
98.1667,-0.843856
98.2000,-0.843173
98.2333,-0.872425
98.2667,-0.867056
98.3000,-0.842454
98.3333,-0.847800
98.3667,-0.848833
98.4000,-0.856847
98.4333,-0.856251
98.4667,-0.857111
98.5000,-0.856811
98.5333,-0.855836
98.5667,-0.853418
98.6000,-0.854142
98.6333,-0.855235
98.6667,-0.854429
98.7000,-0.825524
98.7333,-0.825164
98.7667,-0.826767
98.8000,-0.846456
98.8333,-0.843410
98.8667,-0.838460
98.9000,-0.837040
98.9333,-0.841165
98.9667,-0.839417
99.0000,-0.838825
99.0333,-0.838647
99.0667,-0.842540
99.1000,-0.818680
99.1333,-0.821817
99.1667,-0.817674
99.2000,-0.845286
99.2333,-0.842071
99.2667,-0.839526
99.3000,-0.840336
99.3333,-0.840833
99.3667,-0.843665
99.4000,-0.845723
99.4333,-0.842217
99.4667,-0.838861
99.5000,-0.837946
99.5333,-0.838747
99.5667,-0.841807
99.6000,-0.847695
99.6333,-0.868500
99.6667,-0.866810
99.7000,-0.868632
99.7333,-0.836411
99.7667,-0.840869
99.8000,-0.841165
99.8333,-0.841948
99.8667,-0.838187
99.9000,-0.833014
99.9333,-0.831758
99.9667,-0.832564
100.0000,-0.829572
100.0333,-0.829768
100.0667,-0.829358
100.1000,-0.823429
100.1333,-0.824968
100.1667,-0.822364
100.2000,-0.822683
100.2333,-0.825825
100.2667,-0.823575
100.3000,-0.807684
100.3333,-0.810188
100.3667,-0.833629
100.4000,-0.832090
100.4333,-0.826316
100.4667,-0.822500
100.5000,-0.822528
100.5333,-0.823443
100.5667,-0.819208
100.6000,-0.819072
100.6333,-0.814017
100.6667,-0.817032
100.7000,-0.790940
100.7333,-0.793841
100.7667,-0.793659
100.8000,-0.813366
100.8333,-0.812879
100.8667,-0.811267
100.9000,-0.807137
100.9333,-0.804396
100.9667,-0.806008
101.0000,-0.807497
101.0333,-0.805398
101.0667,-0.802921
101.1000,-0.800444
101.1333,-0.775736
101.1667,-0.777194
101.2000,-0.796842
101.2333,-0.795339
101.2667,-0.792375
101.3000,-0.790991
101.3333,-0.786278
101.3667,-0.787116
101.4000,-0.785007
101.4333,-0.785763
101.4667,-0.787289
101.5000,-0.782412
101.5333,-0.783400
101.5667,-0.782617
101.6000,-0.790795
101.6333,-0.782917
101.6667,-0.781920
101.7000,-0.783104
101.7333,-0.781091
101.7667,-0.793445
101.8000,-0.789165
101.8333,-0.789046
101.8667,-0.765509
101.9000,-0.764776
101.9333,-0.766921
101.9667,-0.768547
102.0000,-0.773879
102.0333,-0.769585
102.0667,-0.768624
102.1000,-0.768811
102.1333,-0.769740
102.1667,-0.770195
102.2000,-0.773396
102.2333,-0.771424
102.2667,-0.772094
102.3000,-0.747828
102.3333,-0.747364
102.3667,-0.743780
102.4000,-0.766229
102.4333,-0.762381
102.4667,-0.760733
102.5000,-0.757709
102.5333,-0.754180
102.5667,-0.755036
102.6000,-0.754085
102.6333,-0.753015
102.6667,-0.753060
102.7000,-0.732237
102.7333,-0.729423
102.7667,-0.726477
102.8000,-0.724747
102.8333,-0.738312
102.8667,-0.735042
102.9000,-0.733735
102.9333,-0.730029
102.9667,-0.728071
103.0000,-0.730175
103.0333,-0.725266
103.0667,-0.722789
103.1000,-0.719383
103.1333,-0.721532
103.1667,-0.724542
103.2000,-0.741299
103.2333,-0.733376
103.2667,-0.719938
103.3000,-0.719173
103.3333,-0.714365
103.3667,-0.710217
103.4000,-0.710449
103.4333,-0.709424
103.4667,-0.707180
103.5000,-0.699889
103.5333,-0.698605
103.5667,-0.699056
103.6000,-0.700573
103.6333,-0.699024
103.6667,-0.700135
103.7000,-0.697144
103.7333,-0.695145
103.7667,-0.695122
103.8000,-0.691156
103.8333,-0.690355
103.8667,-0.703077
103.9000,-0.678511
103.9333,-0.682195
103.9667,-0.681402
104.0000,-0.681425
104.0333,-0.679622
104.0667,-0.674923
104.1000,-0.670046
104.1333,-0.671052
104.1667,-0.670315
104.2000,-0.669768
104.2333,-0.668193
104.2667,-0.669359
104.3000,-0.672673
104.3333,-0.659619
104.3667,-0.663380
104.4000,-0.676958
104.4333,-0.674317
104.4667,-0.671895
104.5000,-0.666822
104.5333,-0.670656
104.5667,-0.671367
104.6000,-0.669418
104.6333,-0.667168
104.6667,-0.662496
104.7000,-0.639237
104.7333,-0.644638
104.7667,-0.644510
104.8000,-0.659655
104.8333,-0.660657
104.8667,-0.659792
104.9000,-0.659163
104.9333,-0.655284
104.9667,-0.651805
105.0000,-0.652488
105.0333,-0.649464
105.0667,-0.647670
105.1000,-0.642452
105.1333,-0.642152
105.1667,-0.636232
105.2000,-0.634429
105.2333,-0.630613
105.2667,-0.638327
105.3000,-0.639629
105.3333,-0.637962
105.3667,-0.622071
105.4000,-0.623045
105.4333,-0.620996
105.4667,-0.617062
105.5000,-0.610851
105.5333,-0.610605
105.5667,-0.609148
105.6000,-0.611926
105.6333,-0.607026
105.6667,-0.601034
105.7000,-0.595761
105.7333,-0.598639
105.7667,-0.595151
105.8000,-0.587829
105.8333,-0.587915
105.8667,-0.583225
105.9000,-0.566806
105.9333,-0.566296
105.9667,-0.574109
106.0000,-0.573335
106.0333,-0.569783
106.0667,-0.565052
106.1000,-0.559251
106.1333,-0.558823
106.1667,-0.557243
106.2000,-0.556342
106.2333,-0.552330
106.2667,-0.550231
106.3000,-0.534057
106.3333,-0.533110
106.3667,-0.529463
106.4000,-0.538888
106.4333,-0.535255
106.4667,-0.532532
106.5000,-0.525701
106.5333,-0.526221
106.5667,-0.522605
106.6000,-0.519800
106.6333,-0.518680
106.6667,-0.514855
106.7000,-0.510620
106.7333,-0.509537
106.7667,-0.492707
106.8000,-0.499892
106.8333,-0.495995
106.8667,-0.493153
106.9000,-0.488563
106.9333,-0.483204
106.9667,-0.482066
107.0000,-0.481005
107.0333,-0.482266
107.0667,-0.480153
107.1000,-0.473874
107.1333,-0.475390
107.1667,-0.475226
107.2000,-0.473851
107.2333,-0.471825
107.2667,-0.469985
107.3000,-0.470573
107.3333,-0.464221
107.3667,-0.472367
107.4000,-0.469826
107.4333,-0.467057
107.4667,-0.456238
107.5000,-0.456830
107.5333,-0.453743
107.5667,-0.452924
107.6000,-0.447628
107.6333,-0.445028
107.6667,-0.443097
107.7000,-0.443352
107.7333,-0.440857
107.7667,-0.439591
107.8000,-0.435133
107.8333,-0.429924
107.8667,-0.432620
107.9000,-0.417488
107.9333,-0.416209
107.9667,-0.417243
108.0000,-0.426236
108.0333,-0.422784
108.0667,-0.420694
108.1000,-0.424651
108.1333,-0.421696
108.1667,-0.423280
108.2000,-0.422142
108.2333,-0.421186
108.2667,-0.424410
108.3000,-0.414228
108.3333,-0.414483
108.3667,-0.414674
108.4000,-0.423362
108.4333,-0.420580
108.4667,-0.418549
108.5000,-0.417252
108.5333,-0.415052
108.5667,-0.413950
108.6000,-0.414893
108.6333,-0.412439
108.6667,-0.408978
108.7000,-0.408104
108.7333,-0.407826
108.7667,-0.407571
108.8000,-0.414679
108.8333,-0.410740
108.8667,-0.399215
108.9000,-0.398004
108.9333,-0.396192
108.9667,-0.395208
109.0000,-0.394881
109.0333,-0.395254
109.0667,-0.393701
109.1000,-0.396247
109.1333,-0.396597
109.1667,-0.396848
109.2000,-0.395035
109.2333,-0.393164
109.2667,-0.388160
109.3000,-0.388337
109.3333,-0.385223
109.3667,-0.384763
109.4000,-0.382299
109.4333,-0.381912
109.4667,-0.387445
109.5000,-0.377532
109.5333,-0.376111
109.5667,-0.376125
109.6000,-0.370884
109.6333,-0.369167
109.6667,-0.366544
109.7000,-0.367510
109.7333,-0.365351
109.7667,-0.363876
109.8000,-0.362237
109.8333,-0.362419
109.8667,-0.358931
109.9000,-0.346992
109.9333,-0.353503
109.9667,-0.352210
110.0000,-0.358986
110.0333,-0.356991
110.0667,-0.356135
110.1000,-0.353968
110.1333,-0.352647
110.1667,-0.356773
110.2000,-0.355589
110.2333,-0.351491
110.2667,-0.349942
110.3000,-0.340189
110.3333,-0.342529
110.3667,-0.340954
110.4000,-0.346108
110.4333,-0.348731
110.4667,-0.343886
110.5000,-0.341427
110.5333,-0.338950
110.5667,-0.340289
110.6000,-0.338386
110.6333,-0.337830
110.6667,-0.336819
110.7000,-0.334989
110.7333,-0.335535
110.7667,-0.337876
110.8000,-0.339934
110.8333,-0.340990
110.8667,-0.344524
110.9000,-0.344314
110.9333,-0.346700
110.9667,-0.336938
111.0000,-0.340171
111.0333,-0.341373
111.0667,-0.343258
111.1000,-0.344333
111.1333,-0.345726
111.1667,-0.345216
111.2000,-0.348367
111.2333,-0.352083
111.2667,-0.349305
111.3000,-0.353667
111.3333,-0.352556
111.3667,-0.353112
111.4000,-0.354724
111.4333,-0.352565
111.4667,-0.356090
111.5000,-0.348016
111.5333,-0.350270
111.5667,-0.351254
111.6000,-0.362232
111.6333,-0.361381
111.6667,-0.358621
111.7000,-0.359473
111.7333,-0.362724
111.7667,-0.365292
111.8000,-0.365192
111.8333,-0.365720
111.8667,-0.366180
111.9000,-0.361290
111.9333,-0.361640
111.9667,-0.364167
112.0000,-0.373730
112.0333,-0.372833
112.0667,-0.373502
112.1000,-0.372983
112.1333,-0.375642
112.1667,-0.379540
112.2000,-0.378329
112.2333,-0.381671
112.2667,-0.378679
112.3000,-0.374727
112.3333,-0.379126
112.3667,-0.373812
112.4000,-0.389539
112.4333,-0.386352
112.4667,-0.390213
112.5000,-0.387472
112.5333,-0.387099
112.5667,-0.385095
112.6000,-0.384276
112.6333,-0.384704
112.6667,-0.388310
112.7000,-0.385778
112.7333,-0.383811
112.7667,-0.385851
112.8000,-0.385860
112.8333,-0.388346
112.8667,-0.389057
112.9000,-0.391598
112.9333,-0.393310
112.9667,-0.390659
113.0000,-0.402166
113.0333,-0.400513
113.0667,-0.401183
113.1000,-0.394257
113.1333,-0.397148
113.1667,-0.398491
113.2000,-0.401369
113.2333,-0.399024
113.2667,-0.399999
113.3000,-0.400531
113.3333,-0.401697
113.3667,-0.406565
113.4000,-0.404661
113.4333,-0.404438
113.4667,-0.409242
113.5000,-0.397622
113.5333,-0.400377
113.5667,-0.399234
113.6000,-0.416992
113.6333,-0.412466
113.6667,-0.409616
113.7000,-0.412257
113.7333,-0.411619
113.7667,-0.412507
113.8000,-0.413873
113.8333,-0.412216
113.8667,-0.412074
113.9000,-0.399525
113.9333,-0.402621
113.9667,-0.400144
114.0000,-0.410599
114.0333,-0.409497
114.0667,-0.409051
114.1000,-0.410062
114.1333,-0.410745
114.1667,-0.410308
114.2000,-0.411519
114.2333,-0.414060
114.2667,-0.415262
114.3000,-0.410508
114.3333,-0.409825
114.3667,-0.412038
114.4000,-0.422811
114.4333,-0.423294
114.4667,-0.423968
114.5000,-0.413550
114.5333,-0.415708
114.5667,-0.414082
114.6000,-0.413236
114.6333,-0.411460
114.6667,-0.411710
114.7000,-0.409684
114.7333,-0.413349
114.7667,-0.411965
114.8000,-0.416013
114.8333,-0.417279
114.8667,-0.413627
114.9000,-0.416796
114.9333,-0.419110
114.9667,-0.412698
115.0000,-0.418290
115.0333,-0.418454
115.0667,-0.420357
115.1000,-0.415157
115.1333,-0.416701
115.1667,-0.418941
115.2000,-0.420999
115.2333,-0.418891
115.2667,-0.422575
115.3000,-0.424829
115.3333,-0.429532
115.3667,-0.431477
115.4000,-0.435274
115.4333,-0.435138
115.4667,-0.439418
115.5000,-0.431959
115.5333,-0.433016
115.5667,-0.436914
115.6000,-0.449991
115.6333,-0.450223
115.6667,-0.450114
115.7000,-0.449895
115.7333,-0.452596
115.7667,-0.453274
115.8000,-0.461202
115.8333,-0.462641
115.8667,-0.460364
115.9000,-0.447300
115.9333,-0.446731
115.9667,-0.450519
116.0000,-0.461807
116.0333,-0.462581
116.0667,-0.464835
116.1000,-0.464767
116.1333,-0.468337
116.1667,-0.471169
116.2000,-0.472408
116.2333,-0.472845
116.2667,-0.473141
116.3000,-0.474603
116.3333,-0.473883
116.3667,-0.477631
116.4000,-0.479425
116.4333,-0.478159
116.4667,-0.482776
116.5000,-0.495380
116.5333,-0.497730
116.5667,-0.498932
116.6000,-0.492092
116.6333,-0.493408
116.6667,-0.494984
116.7000,-0.496414
116.7333,-0.498595
116.7667,-0.498153
116.8000,-0.499806
116.8333,-0.499747
116.8667,-0.500899
116.9000,-0.500917
116.9333,-0.502993
116.9667,-0.502948
117.0000,-0.503795
117.0333,-0.505033
117.0667,-0.504441
117.1000,-0.493112
117.1333,-0.493900
117.1667,-0.498299
117.2000,-0.510334
117.2333,-0.505625
117.2667,-0.506413
117.3000,-0.502770
117.3333,-0.505416
117.3667,-0.509222
117.4000,-0.512679
117.4333,-0.514086
117.4667,-0.513084
117.5000,-0.504687
117.5333,-0.502975
117.5667,-0.503531
117.6000,-0.518616
117.6333,-0.520155
117.6667,-0.520265
117.7000,-0.522924
117.7333,-0.525610
117.7667,-0.526453
117.8000,-0.524645
117.8333,-0.523256
117.8667,-0.525624
117.9000,-0.523652
117.9333,-0.527118
117.9667,-0.531047
118.0000,-0.535760
118.0333,-0.534221
118.0667,-0.530164
118.1000,-0.530287
118.1333,-0.533638
118.1667,-0.536079
118.2000,-0.534758
118.2333,-0.538365
118.2667,-0.540004
118.3000,-0.541525
118.3333,-0.541361
118.3667,-0.544594
118.4000,-0.547818
118.4333,-0.546889
118.4667,-0.546096
118.5000,-0.546688
118.5333,-0.549994
118.5667,-0.550941
118.6000,-0.568609
118.6333,-0.568527
118.6667,-0.564319
118.7000,-0.555909
118.7333,-0.557744
118.7667,-0.560686
118.8000,-0.565307
118.8333,-0.565758
118.8667,-0.564866
118.9000,-0.567580
118.9333,-0.567971
118.9667,-0.567243
119.0000,-0.567748
119.0333,-0.571655
119.0667,-0.573044
119.1000,-0.560394
119.1333,-0.559866
119.1667,-0.559538
119.2000,-0.574610
119.2333,-0.572406
119.2667,-0.573399
119.3000,-0.577269
119.3333,-0.580516
119.3667,-0.578144
119.4000,-0.582683
119.4333,-0.577934
119.4667,-0.578303
119.5000,-0.563509
119.5333,-0.564429
119.5667,-0.570817
119.6000,-0.588343
119.6333,-0.589026
119.6667,-0.582916
119.7000,-0.584291
119.7333,-0.582224
119.7667,-0.583362
119.8000,-0.583335
119.8333,-0.581832
119.8667,-0.580229
119.9000,-0.574811
119.9333,-0.575412
119.9667,-0.579068
120.0000,-0.593457
120.0333,-0.593311
120.0667,-0.594176
120.1000,-0.577210
120.1333,-0.581117
120.1667,-0.585762
120.2000,-0.586463
120.2333,-0.588029
120.2667,-0.586435
120.3000,-0.585579
120.3333,-0.585242
120.3667,-0.590461
120.4000,-0.586900
120.4333,-0.586873
120.4667,-0.589158
120.5000,-0.591572
120.5333,-0.592892
120.5667,-0.594040
120.6000,-0.593484
120.6333,-0.598038
120.6667,-0.602546
120.7000,-0.602755
120.7333,-0.601316
120.7667,-0.601799
120.8000,-0.602919
120.8333,-0.604822
120.8667,-0.607955
120.9000,-0.605514
120.9333,-0.608492
120.9667,-0.609649
121.0000,-0.609740
121.0333,-0.611889
121.0667,-0.613183
121.1000,-0.597555
121.1333,-0.595533
121.1667,-0.599440
121.2000,-0.619985
121.2333,-0.619457
121.2667,-0.617677
121.3000,-0.617130
121.3333,-0.617376
121.3667,-0.618246
121.4000,-0.619088
121.4333,-0.623596
121.4667,-0.623828
121.5000,-0.610491
121.5333,-0.612326
121.5667,-0.613510
121.6000,-0.634001
121.6333,-0.632781
121.6667,-0.632157
121.7000,-0.631187
121.7333,-0.631997
121.7667,-0.634274
121.8000,-0.631829
121.8333,-0.632430
121.8667,-0.632485
121.9000,-0.632945
121.9333,-0.635649
121.9667,-0.639702
122.0000,-0.643108
122.0333,-0.638163
122.0667,-0.637407
122.1000,-0.654073
